Zip Code ZCTA,2010 Census Population
60629,113916
79936,111086
11368,109931
90650,105549
90011,103892
91331,103689
11226,101572
90201,101279
11373,100820
11220,99598
11385,98592
10467,97060
92335,95397
77084,95137
10025,94600
11208,94469
90280,94396
77449,94382
11236,93877
78521,93818
90805,93524
11207,93386
90250,93193
11219,92221
60623,92108
60618,92084
91342,91725
60632,91326
60639,90407
11211,90117
11377,89830
90044,89779
92683,89747
75052,88996
11214,88630
92336,88419
92704,88123
11234,87757
60647,87291
10456,86547
11230,86408
92804,85914
11355,85871
10314,85510
91744,85040
94565,84641
60804,84573
92503,84519
11212,84500
60617,84155
91911,82999
60608,82739
93033,82728
93307,82658
95076,82474
11206,81677
92376,81516
10002,81410
91710,80358
75217,80324
30043,80241
11229,80018
92154,79708
30044,79701
10458,79492
94112,79407
11235,79132
11221,78895
11223,78731
92345,78715
60625,78651
37013,78406
10453,78309
11204,78134
79912,77161
87121,76721
90706,76615
60505,76573
91706,76571
93722,76448
11203,76174
10468,76103
10029,76003
91910,75802
10462,75784
10452,75371
78572,75221
11218,75220
92509,75196
90255,75066
93257,75004
93550,74929
85364,74904
91709,74796
37211,74755
75070,74734
77479,74514
66062,74411
91335,74363
60634,74298
95823,73985
92553,73722
92126,73343
75211,73146
22193,73047
94544,73026
75034,72723
93065,72508
92592,72492
23464,72359
96797,72289
77429,72264
33012,72248
60620,72216
60628,72202
95630,72180
93535,72046
77036,71969
77450,71889
93727,71820
60085,71714
60641,71663
91766,71599
77573,71580
28269,71048
89110,70994
93536,70918
78577,70840
77083,70837
63376,70828
77379,70544
10457,70496
92805,70401
77584,70228
89108,70123
91402,69817
92105,69813
85225,69810
21234,69752
90262,69745
93274,69721
45011,69677
80013,69588
94587,69516
94110,69333
94533,69277
11209,68853
94536,68790
78660,68789
11375,68733
84118,68295
99301,68191
19120,68104
10463,67970
92882,67917
90026,67869
10466,67813
90631,67619
30349,67602
90022,67179
33186,67137
11746,67094
11233,67053
47906,66972
97007,66954
95035,66943
91730,66925
37042,66916
94558,66830
29483,66731
19124,66691
11372,66636
10469,66631
60614,66617
75228,66551
77095,66502
10472,66358
90003,66266
30281,66140
60657,65996
60640,65790
27610,65648
85032,65485
92703,65445
92114,65433
93230,65264
33411,65245
78613,65099
95687,65096
92021,65068
95206,65004
60609,64906
19143,64849
20906,64696
30024,64614
93306,64587
78046,64548
90019,64458
30022,64359
60651,64267
44035,64263
89121,64096
94080,63975
33024,63916
14850,63886
85308,63876
78596,63844
78666,63836
60619,63825
33311,63786
11213,63767
33023,63576
33015,63544
11215,63488
60402,63448
10701,63393
92677,63297
78542,63293
33157,63226
75002,63140
48180,63131
19111,63090
97006,63036
90660,62928
96706,62730
90640,62549
11706,62543
84015,62494
20878,62446
94509,62439
80015,62432
90042,62430
90037,62276
30096,62265
95123,62228
90004,62180
30062,62136
91770,62097
92562,62079
92801,62068
44256,62039
11210,62008
95624,61989
17603,61973
23462,61973
30135,61912
21740,61859
92201,61827
94541,61635
87114,61623
77494,61600
92627,61510
34953,61494
91732,61386
76063,61361
10009,61347
95127,61325
80219,61296
78501,61219
94538,61148
48197,61132
93905,61087
10023,60998
75067,60982
53215,60953
94015,60927
85204,60885
11432,60809
11717,60745
95014,60717
19134,60675
46307,60619
89031,60589
21122,60576
23322,60473
10128,60453
95758,60435
76244,60388
30127,60347
91950,60322
23454,60283
91343,60254
94501,60212
44060,60211
21215,60161
85301,60161
11691,60035
60073,60002
94806,59861
76028,59744
10027,59707
91702,59705
60016,59690
28277,59664
90731,59662
30047,59660
43055,59605
43130,59570
78130,59546
92707,59492
15601,59483
93906,59461
30052,59451
95608,59418
78520,59408
75040,59406
93030,59372
23452,59321
10312,59304
10024,59283
37075,59256
19720,59250
90006,59185
92630,59182
11434,59129
32210,59080
79924,59058
10977,59048
33025,59039
97701,58993
90813,58911
78228,58811
89115,58794
92880,58763
75150,58730
92115,58560
20011,58536
10473,58519
95111,58466
98052,58442
43123,58424
93309,58409
91977,58368
95355,58311
92404,58271
97229,58217
60411,58136
75043,58094
87120,58023
92507,58002
90034,57964
32828,57881
95828,57862
45601,57842
92020,57767
30906,57748
92780,57741
87105,57680
33027,57663
22191,57598
74012,57526
85705,57521
73099,57492
32244,57369
20874,57367
95020,57349
85281,57348
10032,57331
10460,57311
90745,57251
92647,57245
90001,57110
46227,57086
78574,57071
91761,56913
60453,56855
11225,56829
93312,56741
92407,56689
95122,56545
77072,56526
78245,56511
92324,56505
44077,56491
87111,56490
27406,56458
10031,56438
11550,56435
84404,56363
32765,56349
70072,56344
91605,56343
89123,56300
77459,56274
63021,56261
85345,56208
77840,56171
33165,56149
85008,56145
92113,56066
75149,56065
33313,56039
10003,56024
94122,56023
92708,56004
43081,55991
22003,55990
94109,55984
95112,55927
10306,55909
78586,55878
91762,55857
66061,55805
40475,55803
21222,55786
27858,55781
90063,55758
76010,55706
93215,55659
42101,55648
43701,55643
78745,55614
78207,55514
19020,55493
28027,55435
93458,55431
89117,55416
75243,55406
31907,55332
90066,55277
92646,55224
60056,55219
85706,55209
19446,55138
79907,55132
80134,55075
22030,55066
33647,55034
75227,55029
60638,55026
19149,55006
28655,54996
45840,54979
22407,54962
65807,54952
85041,54947
92346,54923
76137,54911
78250,54903
11354,54878
92392,54858
43302,54790
78045,54713
30040,54653
96817,54628
20904,54612
77373,54609
94513,54605
28314,54520
38401,54469
12550,54447
85710,54439
30101,54373
93063,54366
20019,54358
95051,54327
11216,54316
94087,54293
96744,54247
10016,54183
19140,54133
96789,54129
90723,54099
92057,54096
30331,54094
60630,54093
20147,54086
91764,54086
92840,54083
43026,54017
93436,54017
91745,54013
89030,53928
10033,53926
92701,53908
92563,53892
92027,53881
90744,53815
11758,53804
29732,53781
21117,53778
92504,53778
72401,53767
33463,53766
33414,53718
33161,53710
90221,53704
92570,53697
11435,53687
21061,53684
73160,53666
28215,53629
77015,53621
12180,53606
30721,53601
29445,53588
77346,53578
14221,53555
79938,53520
97301,53518
32218,53473
75061,53442
92071,53422
22192,53394
30093,53351
24060,53311
65203,53307
45140,53267
93117,53217
33175,53206
33177,53191
78550,53152
27587,53078
84119,53077
48103,53057
94591,53042
78852,53040
85033,53037
30004,53033
32822,53029
32825,53024
60506,53013
30263,53008
95670,52973
33064,52969
30058,52945
30066,52936
78664,52932
27834,52914
60440,52911
98682,52893
61761,52879
80634,52861
93291,52849
45044,52822
30041,52749
91801,52735
55106,52730
63129,52718
33125,52677
45013,52613
33142,52606
92399,52606
30075,52573
60622,52548
85009,52520
92571,52516
32225,52485
17602,52452
93308,52447
19382,52388
27410,52388
30188,52380
20002,52370
29730,52365
19320,52342
48044,52289
30144,52252
44107,52244
99654,52168
77077,52151
28078,52133
48228,52130
37130,52070
92870,52033
83301,52010
33511,52003
95125,51939
33065,51921
55901,51917
19702,51899
95747,51870
34711,51847
43068,51836
92056,51835
19104,51808
98208,51802
23320,51797
92833,51767
23456,51748
91344,51747
85326,51705
75007,51624
91406,51558
92129,51536
67401,51499
95116,51496
60148,51468
22554,51463
87124,51404
97045,51359
19067,51334
92117,51332
19711,51322
48823,51302
89129,51252
90002,51223
32837,51219
91786,51165
43230,51161
92234,51151
91405,51145
30016,51140
27284,51136
98012,51136
11201,51128
70065,51116
78240,51111
95350,51046
33063,51019
10011,50984
60120,50955
31419,50954
85122,50942
75025,50926
30907,50913
21206,50846
32068,50815
93551,50798
96734,50746
43228,50737
20744,50722
14094,50666
44130,50639
78223,50637
45040,50627
93277,50607
78681,50606
14580,50587
96818,50586
70726,50583
60004,50582
84095,50566
77433,50539
89103,50519
10461,50502
93003,50474
30083,50384
28110,50365
97402,50342
92557,50320
94601,50294
17331,50292
32839,50279
36117,50268
91304,50231
72764,50230
92530,50216
33176,50170
31088,50163
85713,50151
29223,50141
60626,50139
83709,50034
94539,50031
28601,50026
48858,50025
85234,50014
92025,49978
41042,49968
60643,49952
78249,49951
45424,49930
77498,49906
30080,49905
77082,49900
11237,49896
20020,49864
95376,49859
23666,49825
33068,49824
73505,49809
38305,49808
21218,49796
17601,49779
18102,49779
89147,49778
30114,49774
30318,49736
19148,49732
59901,49693
77088,49660
28227,49635
20854,49611
80229,49598
29072,49566
40601,49566
35242,49545
79928,49544
19380,49534
77521,49507
60637,49503
96819,49492
32771,49481
89119,49445
78251,49435
75216,49416
92410,49410
90703,49399
33458,49396
30253,49380
96816,49368
33312,49343
92626,49341
15301,49331
90220,49328
37167,49322
90018,49310
63123,49308
78753,49301
54601,49282
11238,49262
28540,49252
48439,49209
98632,49205
99208,49193
78247,49176
28025,49160
48187,49148
84604,49145
21224,49134
92024,49121
37129,49103
55124,49084
93638,49068
45069,49060
92656,49046
37027,49035
84043,49030
33033,49028
90638,49012
75287,49004
84120,48956
92130,48940
77845,48938
53511,48929
92026,48922
60435,48899
75115,48877
85142,48870
90033,48852
20902,48841
95023,48841
33467,48808
32246,48789
99336,48753
93304,48731
78504,48703
77089,48685
85282,48671
60644,48648
38017,48642
93702,48607
90047,48606
80631,48603
90046,48581
63136,48560
46143,48555
60014,48550
96792,48519
63301,48514
60616,48433
80525,48419
10940,48418
76133,48394
97124,48349
60613,48281
63031,48212
75098,48197
42701,48194
78840,48149
21207,48133
37064,48118
43015,48107
91767,48068
76179,48058
92243,48030
90630,47993
20009,47992
95207,47965
23455,47938
92064,47904
77081,47860
75056,47852
91352,47807
28645,47703
23223,47677
92505,47672
23434,47670
92084,47654
77546,47636
11224,47621
48185,47618
90016,47596
97206,47596
92691,47582
21228,47577
75035,47553
32174,47552
44646,47525
98023,47510
92128,47490
90247,47487
85035,47486
47150,47472
48126,47465
80011,47461
90024,47452
60123,47405
48066,47388
32303,47359
95648,47354
10459,47308
58103,47302
19145,47261
22204,47233
10950,47226
30032,47222
92692,47222
55044,47218
89052,47214
11419,47211
28216,47208
75093,47187
95240,47172
85374,47146
83646,47098
89074,47095
77099,47091
95124,47082
94553,47065
27603,47033
95616,47032
94014,47014
19335,46984
23112,46982
29681,46979
27107,46963
35215,46951
33147,46933
48219,46931
77093,46929
53209,46917
32792,46914
94550,46896
80504,46876
47374,46875
80020,46871
33126,46867
92037,46781
76116,46746
92879,46745
97223,46699
27265,46690
80012,46665
27713,46660
60649,46650
77511,46627
38109,46594
59102,46564
92886,46564
85365,46558
65202,46547
20176,46506
37122,46463
95351,46458
91765,46457
33614,46449
30236,46434
85022,46395
95060,46377
60126,46371
23185,46370
92069,46369
75006,46364
55303,46352
43229,46347
20850,46340
32808,46334
56001,46327
98902,46322
76051,46320
87401,46293
27705,46282
60115,46272
60586,46251
27407,46242
92028,46239
37421,46228
83686,46224
32703,46207
98115,46206
33010,46187
63366,46175
98225,46172
96720,46165
32304,46145
33018,46117
85201,46092
27360,46084
34787,46083
78227,46077
30064,46076
89101,46055
33193,46044
29720,46041
77070,46017
94568,46016
75060,45980
55304,45967
38654,45956
33021,45921
98103,45911
90023,45903
98270,45899
87507,45890
20171,45887
77064,45847
32608,45842
63303,45834
85254,45801
19464,45788
92109,45787
90032,45786
11590,45768
45238,45760
53711,45728
89122,45720
10451,45713
11757,45700
94086,45697
93611,45614
95037,45579
94577,45560
95148,45528
90065,45527
80918,45467
94303,45467
75023,45452
91748,45406
80233,45386
48227,45380
75104,45373
33016,45342
78155,45341
18103,45336
92648,45317
39503,45309
78201,45307
40214,45291
15642,45286
77080,45275
60645,45274
95008,45260
38127,45248
33029,45235
92843,45214
21229,45213
30518,45211
93720,45191
49201,45190
30067,45182
32162,45180
95403,45164
90027,45151
43207,45144
10028,45141
30157,45123
36695,45118
90620,45113
14120,45100
61265,45099
28173,45097
92111,45096
77040,45081
48235,45063
91306,45061
29485,45057
95843,45048
27707,45023
27106,45015
44102,45014
96822,45007
88101,45006
90057,44998
49423,44977
33415,44963
91606,44958
78741,44935
37040,44924
91790,44907
32725,44905
38128,44863
11772,44837
84010,44821
78254,44817
85283,44813
80123,44795
90043,44789
85037,44771
